<keymap version="1" name="GNOME copy" parent="Default for GNOME">
  <action id="CommentByBlockComment">
    <keyboard-shortcut first-keystroke="shift ctrl 7" />
  </action>
  <action id="CommentByLineComment">
    <keyboard-shortcut first-keystroke="ctrl 7" />
  </action>
  <action id="Console.TableResult.CompareCells" />
  <action id="Diff.ShowSettingsPopup" />
  <action id="EditorDeleteLine">
    <keyboard-shortcut first-keystroke="shift ctrl d" />
  </action>
  <action id="GotoBookmark7" />
  <action id="TagDocumentationNavigation" />
  <action id="ToggleBookmark7" />
  <action id="Uml.ShowDiff" />
</keymap>